episode,reward
10,50.0950680438
20,38.293756684
30,35.2703489103
40,38.1298019706
50,39.3293561063
60,38.970382527
70,41.5077725108
80,44.1614745747
90,46.6548703376
100,49.8456876683
110,51.4817239556
120,52.8509945213
130,52.1366623723
140,52.7992752457
150,52.7923101425
160,52.7755079579
170,53.3323362922
180,53.2044400382
190,53.8569751591
200,54.2597125924
210,55.7551780555
220,56.3740749025
230,57.9132560296
240,58.4015318079
250,58.5198946935
260,59.0459086007
270,60.4651519614
280,60.9445220149
290,61.260088172
300,61.5860241852
310,62.9318733725
320,63.8016539519
330,64.7804754416
340,64.6677415477
350,65.2014107223
360,66.1934133777
370,67.5994361684
380,68.5597084555
390,69.0096833084
400,69.8945467302
410,69.0868121425
420,68.9975483703
430,68.5175059474
440,69.4438020085
450,69.5911559169
460,70.0833712871
470,74.3902895858
480,79.3705716552
490,87.6753335698
500,99.7138917203
510,109.3212060501
520,120.0007214954
530,128.5238678818
540,136.5392417775
550,142.1514878176
560,147.658624
570,153.3786081995
580,162.7371676829
590,172.6422246308
600,183.129124007
610,190.3739510515
620,196.5016336291
630,204.2255839468
640,214.1915053196
650,223.8808460066
660,231.2626569476
670,237.6719981119
680,244.7006086332
690,252.4323677622
700,260.57226095
710,266.4704167627
720,271.3201272421
730,276.7510755436
740,283.9497258383
750,290.2216301466
760,297.7748440979
770,305.097361754
780,312.8106547069
790,320.1471163781
800,327.9365553612
810,335.1672959431
820,341.9538779022
830,348.2633519869
840,354.4547102012
850,361.0443880867
860,366.8470216003
870,371.8433428332
880,377.1693201111
890,382.082075983
900,387.9506753294
910,394.2137056363
920,400.3371453361
930,405.2778843933
940,410.6429060025
950,416.3371801822
960,422.0149936589
970,427.7878673257
980,433.2399622407
990,438.3473691615
1000,443.5477261078
1010,448.679874674
1020,453.5734912958
1030,457.4743969537
1040,462.0176268768
1050,466.8472275649
1060,470.8564658673
1070,475.6111088059
1080,479.953266117
1090,484.561681799
1100,489.0468205881
1110,493.4720795809
1120,497.8334875076
1130,502.0051291808
1140,506.0159003933
1150,509.3277802025
1160,512.6547453172
1170,516.3926817911
1180,518.3824301231
1190,521.4021003955
1200,525.0604126444
1210,528.5828279811
1220,532.1572077233
1230,535.5358547863
1240,538.7815218539
1250,541.8734481439
1260,545.0383641655
1270,548.1614226047
1280,551.357736063
1290,554.55075334
1300,557.3881565273
1310,560.4309421631
1320,563.5335835214
1330,566.5818257153
1340,569.489302337
1350,572.4868055781
1360,575.5099619353
1370,578.5223835908
1380,581.5216380796
1390,584.4789970504
1400,587.357987387
1410,590.1456223026
1420,592.7436662159
1430,595.3283712458
1440,597.9975232846
1450,600.69247289
1460,603.3720885068
1470,606.0033357617
1480,608.6048991839
1490,611.1672831284
1500,613.6512171076
1510,616.0981512112
1520,618.5074071999
1530,620.8205109981
1540,623.0181205205
1550,625.3500604271
1560,627.0233874902
1570,626.3932851777
1580,624.3331902112
1590,623.2549475299
1600,624.6112427484
1610,626.7462003579
1620,628.9498373725
1630,631.1459597821
1640,633.3199320552
1650,635.2999489296
1660,637.2372416787
1670,638.8246863994
1680,640.3859442886
1690,642.1523085201
1700,643.9918803636
1710,645.8525014252
1720,647.7234834954
1730,649.587558722
1740,651.4218492186
1750,653.1461856451
1760,654.7215612353
1770,656.4468534426
1780,658.2269670315
1790,659.9952335508
1800,661.7806149305
1810,663.5742014454
1820,665.2881252846
1830,666.9067304698
1840,668.5095618472
1850,669.9865861135
1860,671.4737502475
1870,673.1022742018
1880,674.7575439623
1890,676.4463276039
1900,678.0916272783
1910,679.7338585366
1920,681.3641934987
1930,682.9719087349
1940,684.5829922776
1950,686.1567153803
1960,687.6758663383
1970,689.1694586641
1980,690.5802503754
1990,692.0560584305
2000,693.4967684124
2010,694.9882057248
2020,696.4527558991
2030,697.8940117977
2040,699.0560990087
2050,700.1242502179
2060,701.4747617034
2070,702.8373379436
2080,704.2071700677
2090,705.5909863191
2100,706.9714383143
2110,708.228730625
2120,709.5282178664
2130,710.8357443112
2140,712.1428489773
2150,713.3588028967
2160,714.5877990856
2170,715.8130849243
2180,716.9581434971
2190,718.0009249413
2200,718.9208738428
2210,720.0060071418
2220,721.0794865501
2230,722.2060049962
2240,723.3160278982
2250,724.4156227795
2260,725.4915614484
2270,726.5689091774
2280,727.6874974657
2290,728.7254826779
2300,729.7579757209
2310,730.8200332466
2320,731.8520029808
2330,732.9002951782
2340,733.9617026564
2350,735.0115912144
2360,736.0296942162
2370,736.8929439827
2380,737.8197208523
2390,738.8278024202
2400,739.8337211871
2410,740.7134339646
2420,741.4848863665
2430,742.2854760773
2440,743.1503467172
2450,744.1288130566
2460,745.131776967
2470,746.1045348433
2480,747.0443736169
2490,747.9796296281
2500,748.8382263054
2510,749.6462616029
2520,750.4778274974
2530,751.339082483
2540,752.2330973939
2550,753.0804623657
2560,753.9622178304
2570,754.8938898499
2580,755.8145859022
2590,756.735585919
2600,757.6404719036
2610,758.5527973732
2620,759.4429447816
2630,760.3253714987
2640,761.2013238648
2650,762.0867014293
2660,762.9571888552
2670,763.8161268673
2680,764.6388454067
2690,765.4849968145
2700,766.3262789286
2710,767.1599409983
2720,767.9930169226
2730,768.8134623264
2740,769.6296680681
2750,770.4189692845
2760,771.1994698675
2770,772.0034933894
2780,772.8100552244
2790,773.6108004946
2800,774.4044958606
2810,775.1578523008
2820,775.9236713261
2830,776.6667146726
2840,777.4082371819
2850,778.1653192618
2860,778.9200163266
2870,779.6710516319
2880,780.4096806927
2890,781.1455162867
2900,781.88231756
2910,782.603928448
2920,783.2968825657
2930,783.946287907
2940,784.5802071924
2950,785.2379467212
2960,785.9232993083
2970,786.5985145308
2980,787.2792546551
2990,787.9613051143
3000,788.6255025625
3010,789.2885272481
3020,789.9548883709
3030,790.6002564084
3040,791.240126054
3050,791.8685860301
3060,792.5090199007
3070,793.1467180504
3080,793.7670037501
3090,794.3917601852
3100,795.0107047075
3110,795.6382868795
3120,796.2775860433
3130,796.9161738656
3140,797.5579253466
3150,798.1634331209
3160,798.7624957882
3170,799.3637689318
3180,799.9695511077
3190,800.5700050227
3200,801.1830755742
3210,801.7958203537
3220,802.3935657502
3230,802.9924322208
3240,803.595990664
3250,804.1837247675
3260,804.7513808624
3270,805.3103212999
3280,805.8965929136
3290,806.4710977732
3300,807.0410963748
3310,807.612497421
3320,808.1789502624
3330,808.7250377098
3340,809.2787124519
3350,809.8223786512
3360,810.37463498
3370,810.9088264815
3380,811.4168841749
3390,811.8932721114
3400,812.370673627
3410,812.8250091375
3420,813.1747088522
3430,813.3051037654
3440,813.1620565252
3450,813.3379850092
3460,813.6150269446
3470,813.836512786
3480,814.0115489735
3490,814.2593690962
3500,814.5862685396
3510,814.8946466432
3520,815.1317185266
3530,815.3297428768
3540,815.4778991503
3550,815.6016061206
3560,815.8565221397
3570,816.1128264527
3580,816.2754165746
3590,816.4852507071
3600,816.7447725389
3610,817.0668185134
3620,817.2569663032
3630,817.5302151753
3640,817.8294689062
3650,818.198505234
3660,818.637797787
3670,819.0746748457
3680,819.5085746982
3690,819.9021082101
3700,820.2926216556
3710,820.6719590314
3720,821.0719904569
3730,821.4370781619
3740,821.5789297608
3750,820.8886213468
3760,820.6588895578
3770,821.0394091039
3780,821.4594672129
3790,821.8771667328
3800,822.3069087509
3810,822.7320139087
3820,823.1410139442
3830,823.4508026169
3840,823.7141428918
3850,824.0224994984
3860,824.3913740498
3870,824.7651055312
3880,824.9904634882
3890,824.8754855502
3900,824.9477357845
3910,825.2901275346
3920,825.6901004327
3930,826.0797211462
3940,826.4823814596
3950,826.8915685463
3960,827.2592393934
3970,827.6229282049
3980,827.9704104358
3990,828.3415558494
4000,828.7136921926
4010,829.0714195952
4020,829.3850714454
4030,829.7146856909
4040,830.0447375017
4050,830.3925518774
4060,830.7296096432
4070,831.0727741708
4080,831.42431322
4090,831.7734847835
4100,832.1435384414
4110,832.5392450084
4120,832.9262181841
4130,833.3070526479
4140,833.6812127242
4150,834.0527894711
4160,834.3886298924
4170,834.7225076033
4180,835.004608233
4190,835.0461454305
4200,834.8127779664
4210,834.6971618842
4220,834.5048628474
4230,834.2158396959
4240,833.7147328398
4250,832.9729065213
4260,832.633575634
4270,832.3116952995
4280,831.8442767902
4290,831.4410493211
4300,830.9452194274
4310,830.5237752156
4320,830.1232212501
4330,829.6573791742
4340,829.3958707773
4350,829.024479844
4360,829.066542052
4370,829.3174675982
4380,829.5972729403
4390,829.8480699964
4400,830.1266347839
4410,830.4101290409
4420,830.720542808
4430,831.0225820289
4440,831.3021099619
4450,831.5432361496
4460,831.7988010619
4470,832.0977328943
4480,832.3670513935
4490,832.6565087412
4500,832.8433467413
4510,833.0836556482
4520,833.35295316
4530,833.6462761706
4540,833.8856870602
4550,834.1495917082
4560,834.4181362565
4570,834.0733601751
4580,833.8919769085
4590,834.0307334706
4600,834.0795599241
4610,834.3573141682
4620,834.619310587
4630,834.8596613911
4640,835.1371419015
4650,835.4520977149
4660,835.7557502947
4670,836.050930841
4680,836.3355122187
4690,836.6154114652
4700,836.9028926544
4710,837.198284188
4720,837.4782261508
4730,837.7364952893
4740,837.9892475339
4750,838.251644974
4760,838.5196124096
4770,838.7897035118
4780,839.0277885551
4790,839.2579520804
4800,839.5017746819
4810,839.7469295597
4820,840.0119451283
4830,840.2952801733
4840,840.5880494325
4850,840.8780337779
4860,841.1603720465
4870,841.4454804247
4880,841.7230419841
4890,841.985874889
4900,842.2454269635
4910,842.5123384964
4920,842.7803473432
4930,843.0351743227
4940,843.2826306699
4950,843.5391141554
4960,843.7869664559
4970,844.0405019011
4980,844.2972521063
4990,844.5612357809
5000,844.8360280982
5010,845.1032538061
5020,845.35740193
5030,845.5906165059
5040,845.8323102572
5050,846.0674609024
5060,846.2872031626
5070,846.4587401081
5080,846.5292147665
5090,846.6269476232
5100,846.6516841354
5110,846.5924837334
5120,846.6886358328
5130,846.7934869496
5140,846.9655262349
5150,847.1568141156
5160,847.3389798884
5170,847.5157468013
5180,847.6924044134
5190,847.8679873038
5200,847.9355215763
5210,847.7771266422
5220,847.3835776928
5230,847.2451102497
5240,847.2527200708
5250,847.2257772282
5260,846.8788460967
5270,846.4546407769
5280,846.1799780466
5290,846.0910857586
5300,846.1265385352
5310,846.1848837336
5320,846.3507446686
5330,846.530092673
5340,846.720065081
5350,846.9076890368
5360,847.0753132639
5370,847.2286917854
5380,847.3586535596
5390,847.485475171
5400,847.6688491697
5410,847.8782736084
5420,848.1144080848
5430,848.3504119213
5440,848.5763452349
5450,848.7998114294
5460,849.0348979259
5470,849.2432965518
5480,849.4372440726
5490,849.6629349959
5500,849.9072000848
5510,850.1584050908
5520,850.4011864365
5530,850.6450463994
5540,850.8878793566
5550,851.1237037794
5560,851.3470746219
5570,851.5623399156
5580,851.7902079672
5590,852.0230442317
5600,852.2587661184
5610,852.4959646135
5620,852.7322563741
5630,852.9641379157
5640,853.2027666668
5650,853.456973148
5660,853.7163235861
5670,853.9621128588
5680,854.1993602754
5690,854.4346085525
5700,854.6672784095
5710,854.9014535153
5720,855.1448176159
5730,855.3939755723
5740,855.6360900197
5750,855.8812350205
5760,856.1154174596
5770,856.3468464797
5780,856.5844682363
5790,856.8149911114
5800,857.0359196686
5810,857.2578586003
5820,857.4862400561
5830,857.7192421917
5840,857.956079894
5850,858.1962373271
5860,858.4336170012
5870,858.6643716077
5880,858.8783417089
5890,859.0702391346
5900,859.2941538207
5910,859.5355268383
5920,859.7713866487
5930,860.0009665878
5940,860.2251346776
5950,860.4387113608
5960,860.6435457025
5970,860.8383817013
5980,861.0331518767
5990,861.2255330745
6000,861.4174882539
6010,861.6023462098
6020,861.7791320255
6030,861.9600614236
6040,862.1592291702
6050,862.3694469556
6060,862.5800295553
6070,862.7909741594
6080,863.0048784783
6090,863.2153404742
6100,863.4256768589
6110,863.6381811517
6120,863.8500654181
6130,864.0554243152
6140,864.2582090828
6150,864.4496002229
6160,864.6534734145
6170,864.865420844
6180,865.0772486301
6190,865.2899453634
6200,865.5111833003
6210,865.7343953267
6220,865.9503353777
6230,866.1544168175
6240,866.3556947428
6250,866.5542189967
6260,866.7517573833
6270,866.9475165038
6280,867.1389906127
6290,867.3219949042
6300,867.5005727861
6310,867.6679200772
6320,867.8369444853
6330,867.9944874127
6340,868.1491116185
6350,868.298485226
6360,868.4403925728
6370,868.59096578
6380,868.7599218349
6390,868.9309229706
6400,869.1027265157
6410,869.2704940452
6420,869.4242836364
6430,869.5732705313
6440,869.7134925262
6450,869.8813064854
6460,870.054023009
6470,870.2176846771
6480,870.3871788397
6490,870.5456548919
6500,870.7076215645
6510,870.8642831148
6520,871.0215035987
6530,871.1745435116
6540,871.3245942445
6550,871.468784115
6560,871.6177283818
6570,871.7654674679
6580,871.9099718622
6590,872.035934437
6600,872.1302285802
6610,871.9424156818
6620,871.9511767936
6630,872.1057982578
6640,872.2717824648
6650,872.4392088275
6660,872.5930408824
6670,872.7363039551
6680,872.8756734391
6690,873.0189702567
6700,873.1650043294
6710,873.3184824529
6720,873.4759023354
6730,873.6350783277
6740,873.8014465982
6750,873.9677581138
6760,874.1406515537
6770,874.3101119575
6780,874.4759205618
6790,874.6446848462
6800,874.8161391272
6810,874.9943705021
6820,875.1738621218
6830,875.3430323351
6840,875.5068314056
6850,875.656914783
6860,875.7872917575
6870,875.9012971279
6880,876.012022858
6890,876.1144325189
6900,876.2142443823
6910,876.3361641147
6920,876.4655731372
6930,876.5887804673
6940,876.7069271751
6950,876.8152823756
6960,876.9158899694
6970,876.9678291523
6980,877.0398659752
6990,877.1518583385
7000,877.286439918
7010,877.443153449
7020,877.5927634084
7030,877.6026556411
7040,877.3928769565
7050,877.1245514994
7060,876.8442251039
7070,876.4898831401
7080,876.2415120254
7090,875.8233889721
7100,875.5573600376
7110,875.389792325
7120,875.1987793132
7130,874.900636233
7140,874.5996237438
7150,874.0643898652
7160,873.3583004565
7170,872.6141449096
7180,871.9044303099
7190,871.1367885149
7200,870.5727841934
7210,870.0827701843
7220,869.6655681199
7230,869.383833416
7240,869.1175291333
7250,868.8122462539
7260,868.4563122006
7270,868.0956749899
7280,867.9608916039
7290,867.6705646864
7300,867.2537488236
7310,866.6145977916
7320,866.3354672157
7330,865.7881124887
7340,865.4679116044
7350,865.2698742155
7360,865.0321385988
7370,864.5740232605
7380,863.7650429514
7390,862.8084780126
7400,861.8851975228
7410,860.9943896375
7420,860.0777109598
7430,859.1794312334
7440,858.1818975583
7450,857.2814031946
7460,856.3353470861
7470,855.373951407
7480,854.4810406899
7490,853.5928033448
7500,852.7334583568
7510,851.8178006361
7520,850.8919986816
7530,849.9945772143
7540,849.1557070177
7550,848.3332085423
7560,847.5840623227
7570,846.839642708
7580,846.0985582815
7590,845.2593952118
7600,844.4877671968
7610,843.7792837914
7620,843.0762793264
7630,842.316631339
7640,841.6042109274
7650,840.7543337255
7660,839.9936830046
7670,839.2761314659
7680,838.5974515623
7690,837.8312933448
7700,837.1548271571
7710,836.4534735321
7720,835.5931133546
7730,834.7305284845
7740,833.9701133068
7750,833.1941338182
7760,832.3455180047
7770,831.4153040189
7780,830.5193185935
7790,829.6186235193
7800,828.9158965476
7810,828.1936627448
7820,827.4409627943
7830,826.6893080447
7840,825.7827463212
7850,824.7067261048
7860,823.6227800003
7870,822.5367050782
7880,821.4286521639
7890,820.3751230419
7900,819.3057136627
7910,818.3100972907
7920,817.4417756471
7930,816.59553308
7940,815.6182654402
7950,814.5934856393
7960,813.5756552992
7970,812.7540077048
7980,812.0122196506
7990,811.2531470603
8000,810.4681245295
8010,809.7604195582
8020,808.9504209894
8030,808.1998893032
8040,807.4148000481
8050,806.6322532548
8060,805.8670875582
8070,805.1241695751
8080,804.4250988625
8090,803.7390107511
8100,803.0534480427
8110,802.3426385012
8120,801.6215865885
8130,800.9208725987
8140,800.2212778825
8150,799.530264344
8160,798.8297459638
8170,798.1141570521
8180,797.3497101067
8190,796.5902384915
8200,795.8420463208
8210,795.105035613
8220,794.407146996
8230,793.7197347456
8240,793.0318470236
8250,792.3668532447
8260,791.6843202779
8270,790.9971309788
8280,790.248069106
8290,789.5238890765
8300,788.8152859586
8310,788.0702121896
8320,787.2687287774
8330,786.4569700086
8340,785.6084500863
8350,784.7403284728
8360,783.8827725113
8370,783.0406423506
8380,782.2034736891
8390,781.3531120817
8400,780.5273433234
8410,779.7174670954
8420,778.9215033138
8430,778.1490548906
8440,777.4043447223
8450,776.6648974698
8460,775.9310134206
8470,775.2131196334
8480,774.5249819058
8490,773.8383638087
8500,773.1415171692
8510,772.4467941546
8520,771.7599088236
8530,771.1299168083
8540,770.4791186819
8550,769.8460451823
8560,769.2228824591
8570,768.5802775904
8580,767.9416971601
8590,767.3296327646
8600,766.7409810829
8610,766.144369881
8620,765.5268073241
8630,764.9396661371
8640,764.3512858639
8650,763.8127317318
8660,763.2602598906
8670,762.6276701164
8680,761.9701036568
8690,761.2424492478
8700,760.4869978624
8710,759.7741445869
8720,759.1104178632
8730,758.5875366048
8740,758.0549092357
8750,757.5305864211
8760,757.0255462511
8770,756.5046577524
8780,755.9692257508
8790,755.4930891656
8800,755.0010130237
8810,754.4654737876
8820,753.8089938681
8830,753.1300235067
8840,752.4546290278
8850,751.6583248814
8860,750.8654090361
8870,750.0602172914
8880,749.272141462
8890,748.4564054421
8900,747.6699869746
8910,746.8743419932
8920,746.0890824739
8930,745.2935481719
8940,744.5256662026
8950,743.7336530154
8960,742.9242383637
8970,742.1495623467
8980,741.4739555696
8990,740.9906445466
9000,740.5626215667
9010,740.0429174573
9020,739.5167188974
9030,739.0326119321
9040,738.5970151121
9050,738.0865550151
9060,737.513583131
9070,737.0743449427
9080,736.6356673664
9090,736.2122403959
9100,735.7712125924
9110,735.3340818407
9120,734.8921293281
9130,734.4705551462
9140,734.0011755305
9150,733.5288634938
9160,732.9248468843
9170,732.2306024066
9180,731.5201045285
9190,730.8362841214
9200,730.2044459103
9210,729.7106112184
9220,729.2922710955
9230,728.8842616059
9240,728.4491897848
9250,727.9994426516
9260,727.5305252744
9270,727.0659955634
9280,726.6347288651
9290,726.1716610418
9300,725.6895709343
9310,725.2185736001
9320,724.7091042162
9330,724.1453364486
9340,723.5202189776
9350,722.9636735953
9360,722.4256952559
9370,721.920990829
9380,721.4344158059
9390,720.9325200286
9400,720.3802152152
9410,719.8600172527
9420,719.3457543395
9430,718.845566897
9440,718.3795201385
9450,717.9396376584
9460,717.5121946968
9470,717.0761358393
9480,716.641319355
9490,716.2219871881
9500,715.754276634
9510,715.3094626992
9520,714.8742068242
9530,714.4678557763
9540,714.0402242463
9550,713.6427965115
9560,713.2372415678
9570,712.8263207095
9580,712.4029313818
9590,711.9736409732
9600,711.5310358611
9610,711.0232182138
9620,710.5385341697
9630,710.0753366828
9640,709.6303373597
9650,709.1648389149
9660,708.6167391664
9670,708.1075469653
9680,707.6577198042
9690,707.2424041961
9700,706.8253594682
9710,706.4103522281
9720,705.9983494838
9730,705.5852113837
9740,705.1675508389
9750,704.7449690135
9760,704.3146028176
9770,703.8828936654
9780,703.4451209335
9790,703.0030263682
9800,702.5552564641
9810,702.1979282078
9820,701.8883813243
9830,701.6088249891
9840,701.2688377367
9850,700.8710484476
9860,700.5132992126
9870,700.2192572343
9880,699.9161668054
9890,699.6826857395
9900,699.4992011793
9910,699.4096097686
9920,699.3192447102
9930,699.2136977597
9940,699.1076521846
9950,698.9853658941
9960,698.9089628575
9970,698.7590628657
9980,698.7049818523
9990,698.6078289398
10000,698.4393970543
10010,698.2836250124
10020,698.0455383042
10030,697.9911463136
10040,697.9147992181
10050,697.8302714701
10060,697.7727961787
10070,697.640380204
10080,697.6282733393
10090,697.6080687803
10100,697.5273757368
10110,697.4808095937
10120,697.4134954269
10130,697.27918666
10140,697.2239040082
10150,697.1724514489
10160,697.0986315153
10170,697.0734722277
10180,696.9351569568
10190,696.7607772865
10200,696.6296518116
10210,696.6025110687
10220,696.5455409906
10230,696.4645946771
10240,696.4645450853
10250,696.3584211428
10260,696.2669757745
10270,696.3416876443
10280,696.5181165023
10290,696.7177172423
10300,696.8463132335
10310,696.9616547586
10320,697.127953712
10330,697.3765343465
10340,697.6481449294
10350,697.9139332619
10360,698.151112256
10370,698.3952600544
10380,698.6470205741
10390,698.8926950896
10400,699.1454904271
10410,699.3871188273
10420,699.6274496595
10430,699.8470585752
10440,700.0693528194
10450,700.300543609
10460,700.5370612993
10470,700.7735326135
10480,701.0072093294
10490,701.2380690372
10500,701.4485367277
10510,701.6517420614
10520,701.8321445841
10530,702.0171567992
10540,702.151895663
10550,702.2298821645
10560,702.2603909102
10570,702.3077130345
10580,702.2241532329
10590,702.3942739143
10600,702.5286066625
10610,702.7118191321
10620,702.8568272007
10630,702.994264626
10640,703.12244186
10650,703.2497881071
10660,703.3539956952
10670,703.494331405
10680,703.6371783647
10690,703.7872817686
10700,703.9766580752
10710,704.1040935639
10720,704.2500221181
10730,704.3498008115
10740,704.3925543965
10750,704.4066254085
10760,704.2674058607
10770,704.139713647
10780,703.7793784907
10790,703.2439011879
10800,702.780761788
10810,702.4936490608
10820,702.160304079
10830,701.8401341728
10840,701.5038259415
10850,701.1546808942
10860,700.7538503778
10870,700.6716239837
10880,700.7605337105
10890,700.8143606834
10900,700.9949528859
10910,701.1957662126
10920,701.3172362085
10930,701.4734052921
10940,701.5981354497
10950,701.569884244
10960,701.394563187
10970,701.069040545
10980,700.7054523476
10990,700.3420498376
11000,699.9159997861
11010,699.536089719
11020,699.2107651417
11030,698.8696400554
11040,698.4991376766
11050,698.0144933257
11060,697.5050368893
11070,697.1184044058
11080,696.9710547872
11090,696.9780609947
11100,697.0264067539
11110,696.8864055894
11120,696.7260564799
11130,696.5124144968
11140,696.1898961512
11150,695.8157101213
11160,695.4755650225
11170,695.1596398803
11180,694.8821062846
11190,694.6442521731
11200,694.3136249722
11210,694.2271469373
11220,694.1452744474
11230,694.0318349665
11240,693.8919535345
11250,693.7498137897
11260,693.5711655125
11270,693.4368538389
11280,693.3576680704
11290,693.2884133887
11300,693.1873440918
11310,693.1120705797
11320,693.1236263112
11330,693.1234860717
11340,693.0953823481
11350,693.0657408008
11360,693.0516037648
11370,692.9946017413
11380,692.8705016599
11390,692.7951253756
11400,692.8209192676
11410,692.8261221684
11420,692.8234360967
11430,692.7697747182
11440,692.7651924361
11450,692.7259329175
11460,692.7573320128
11470,692.7806535849
11480,692.7492407983
11490,692.7104308105
11500,692.6656094826
11510,692.6569027894
11520,692.7123319906
11530,692.7128499589
11540,692.6978558597
11550,692.7206893868
11560,692.7427216124
11570,692.6654105357
11580,692.6034378006
11590,692.5997661144
11600,692.6525051098
11610,692.5883908685
11620,692.5538001889
11630,692.4707079942
11640,692.354609396
11650,692.2573430452
11660,692.0580150688
11670,691.7833082305
11680,691.4942428644
11690,691.203313551
11700,690.9591939506
11710,690.7126332715
11720,690.4368471742
11730,690.2026003456
11740,690.0147229919
11750,689.9024859308
11760,689.7962954878
11770,689.6716127842
11780,689.676734428
11790,689.6790876158
11800,689.6996757469
11810,689.7408327618
11820,689.7956492754
11830,689.9009736551
11840,689.9578310924
11850,690.0108335165
11860,690.1235190467
11870,690.2623168294
11880,690.3764042905
11890,690.3805376406
11900,690.3193721107
11910,690.2462637764
11920,690.1717727309
11930,690.2161371715
11940,690.2795738092
11950,690.3473589625
11960,690.3011770094
11970,690.1637309403
11980,690.0631969015
11990,689.83313269
12000,689.6978650339
12010,689.6779984136
12020,689.646320243
12030,689.720501993
12040,689.7981430013
12050,689.9466361114
12060,689.9651113588
12070,690.0358670019
12080,690.0856935997
12090,690.2361104327
12100,690.4771400396
12110,690.7199529358
12120,690.9536237545
12130,691.18418789
12140,691.4125946362
12150,691.6483748391
12160,691.8868013159
12170,692.1313868136
12180,692.3751569436
12190,692.6194600991
12200,692.8637124949
12210,693.1087957052
12220,693.3518433323
12230,693.5915388591
12240,693.8283706048
12250,694.0620378469
12260,694.281812658
12270,694.4889118156
12280,694.686742271
12290,694.8765529389
12300,695.0580649439
12310,695.2570135593
12320,695.4543380445
12330,695.6238784768
12340,695.8120195242
12350,696.0251329275
12360,696.241437569
12370,696.4440710281
12380,696.6212905279
12390,696.7861982418
12400,696.8029112967
12410,696.8315074185
12420,696.9658282355
12430,696.9546735215
12440,696.9319957538
12450,696.9703817004
12460,696.9461339068
12470,697.0634628698
12480,697.2461063246
12490,697.3271540529
12500,697.5204722106
12510,697.6306684491
12520,697.8042839859
12530,697.9552822905
12540,698.1297601466
12550,698.2997019928
12560,698.4792201706
12570,698.6919203895
12580,698.8715619878
12590,699.0514522045
12600,699.2302252367
12610,699.3934815379
12620,699.5620268026
12630,699.7360412411
12640,699.7809826132
12650,699.8986842431
12660,700.0425684321
12670,700.1653312306
12680,700.1165163727
12690,699.9688981724
12700,699.9882195678
12710,700.0552220915
12720,700.2015915259
12730,700.3639987654
12740,700.5140046667
12750,700.5285221023
12760,700.4270072475
12770,700.3608498304
12780,700.205575522
12790,700.0215199926
12800,699.9809758946
12810,699.7315379231
12820,699.4451834119
12830,699.3297234414
12840,699.1262279073
12850,698.7822870948
12860,698.5051756956
12870,698.3565719617
12880,698.1463032532
12890,697.8765562303
12900,697.6740597951
12910,697.4881249137
12920,697.4672890055
12930,697.355816021
12940,697.2341422929
12950,697.1513321419
12960,697.1170073518
12970,697.0335019996
12980,697.0428815853
12990,697.1950995595
13000,697.1845926438
13010,697.0715537523
13020,697.116273201
13030,697.1983710244
13040,697.273861745
13050,697.3830268684
13060,697.5023133444
13070,697.5983537841
13080,697.6652883465
13090,697.6818303254
13100,697.7406768438
13110,697.8677919307
13120,698.0306228289
13130,698.1673811163
13140,698.2083798091
13150,698.2016226196
13160,698.2213352973
13170,698.2411038549
13180,698.1761061922
13190,697.9952352575
13200,697.8143603902
13210,697.6242751308
13220,697.48953203
13230,697.4221362954
13240,697.3666787375
13250,697.2867382981
13260,697.175376716
13270,697.1619736568
13280,697.1066087257
13290,697.0124972922
13300,696.9808137487
13310,696.930779618
13320,696.7281380871
13330,696.6635862732
13340,696.5619262767
13350,696.4523917248
13360,696.4282374132
13370,696.3915033706
13380,696.4103530293
13390,696.3744808783
13400,696.3807062031
13410,696.4312632647
13420,696.5073937448
13430,696.5490051968
13440,696.5158694944
13450,696.4977804518
13460,696.4226320988
13470,696.2618093186
13480,696.1348384231
13490,695.9907773357
13500,695.7958018529
13510,695.5845993594
13520,695.407807361
13530,695.2259105204
13540,695.0435551814
13550,694.8768518303
13560,694.7289589308
13570,694.5318728643
13580,694.3647233502
13590,694.249382051
13600,694.1948201347
13610,694.0978261141
13620,694.0380966777
13630,693.9879790011
13640,693.903333287
13650,693.8811460415
13660,693.8517818118
13670,693.8488786318
13680,693.7795506931
13690,693.6495286312
13700,693.6320048646
13710,693.5265862811
13720,693.4058263013
13730,693.3169399072
13740,693.2033108414
13750,693.0181306287
13760,692.9168662592
13770,692.7233120333
13780,692.5834668727
13790,692.4134211226
13800,692.3197147891
13810,692.1862938775
13820,692.0511407928
13830,691.8806752173
13840,691.6652836356
13850,691.4689606848
13860,691.2779266704
13870,691.0866440202
13880,690.8912004221
13890,690.7839617697
13900,690.7073982017
13910,690.6096247242
13920,690.4568931438
13930,690.3032100187
13940,690.2937740035
13950,690.3012134525
13960,690.2991681931
13970,690.2516270097
13980,690.276084497
13990,690.3051623262
14000,690.322779285
14010,690.3515154425
14020,690.3124778623
14030,690.2410840077
14040,690.2444984278
14050,690.1850037805
14060,690.0607567302
14070,690.0065658493
14080,689.9228281062
14090,689.8641124839
14100,689.8557975843
14110,689.8428851214
14120,689.8429147845
14130,689.8397283751
14140,689.8761511339
14150,689.9293527558
14160,690.0086718569
14170,690.1141994484
14180,690.2825906034
14190,690.4527521936
14200,690.6123588941
14210,690.7750886725
14220,690.926292334
14230,691.0757432856
14240,691.2254761081
14250,691.360570508
14260,691.5169602178
14270,691.6797154193
14280,691.8360898571
14290,691.9655326085
14300,692.1011432632
14310,692.2523096129
14320,692.401697709
14330,692.5642911105
14340,692.7190127525
14350,692.8668467187
14360,693.0086828681
14370,693.1580894548
14380,693.3131423166
14390,693.4815349315
14400,693.643514148
14410,693.7817940002
14420,693.8856440996
14430,693.9735550777
14440,694.0674835153
14450,694.2020992615
14460,694.3267520268
14470,694.4636888776
14480,694.5935111734
14490,694.7448579466
14500,694.9088365271
14510,695.0599611725
14520,695.213689044
14530,695.3779941662
14540,695.5387072364
14550,695.7051768406
14560,695.8727889842
14570,696.0404237605
14580,696.1912370496
14590,696.3257937711
14600,696.461210801
14610,696.5957355873
14620,696.7125501622
14630,696.8027825708
14640,696.947006769
14650,697.0992924022
14660,697.2310837764
14670,697.3564341412
14680,697.5041514291
14690,697.6569258072
14700,697.8121161046
14710,697.9676048003
14720,698.1297742806
14730,698.2975308044
14740,698.4693823249
14750,698.6414040147
14760,698.8140888574
14770,698.9887663836
14780,699.1606701653
14790,699.3313572145
14800,699.5011814434
14810,699.6717958594
14820,699.8429274568
14830,700.0134647449
14840,700.1854283717
14850,700.361443848
14860,700.537140481
14870,700.7130843558
14880,700.8858007353
14890,701.0502874077
14900,701.2129774614
14910,701.3796130956
14920,701.5547370435
14930,701.7363868122
14940,701.9175866626
14950,702.0917918422
14960,702.261740935
14970,702.4315022026
14980,702.6045541661
14990,702.7797084351
15000,702.9543857429
